{
    "loss": 1.3580949306488037,
    "accuracy": 0.8211889863014221
}